التاريخ,النسخة,المتغيرات العامة,دوال >٣٠٠,دوال >١٥٠,تحذيرات النحو,أكبر ملف مصدر ك.ب,الحجم الكلي ك.ب,السبب
2026-10-05,V31.2,632,3,6,38,471,2935,"تحسّن"
2026-10-05,V31.4,631,3,6,0,471,2937,"تحسّن"
2026-10-05,V31.4,627,3,6,0,471,2936,"تحسّن"
2026-10-06,V31.8,624,3,6,0,472,2941,"حجمُ الملف يُحرَس بالسقف (٥٢٠ ك.ب) لا بالسقّاطة منذ V31.6 — الزيادةُ ٣ ك.ب من تعليقات الرسم التدريجي"
2026-10-06,V32.0,609,3,6,0,473,2944,"تحسّن"
2026-10-06,V32.1,605,3,6,0,473,2944,"تحسّن"
2026-10-06,V32.2,598,3,6,0,473,2947,"تحسّن"
2026-10-06,V32.9,598,2,5,0,475,2974,"تحسّن"
2026-10-06,V33.1,599,2,5,0,475,2985,"GLOSSARY: جدولُ مصطلحاتٍ ثابت — مصدرٌ واحدٌ للمساعد وأدلة الأدوار ودليل المستخدم (طلبُ المالك V33.2)"
2026-10-06,V33.9,600,2,5,0,475,3007,"CHAL_SHOW: جدولُ عرضٍ ثابتٌ لاسمَي تحدٍّ بمصطلح المالك (V34.0)"
2026-10-06,V34.4,601,2,5,0,476,3017,"TASHKEEL_RE: نمطٌ ثابتٌ لنزع التشكيل عند العرض بطلب المالك (V34.4)"
2026-10-07,V36.2,603,2,5,0,476,3042,"GED وGED_REG: حالةُ نافذة التعديل وسجلُّ القوائم القابلة للتعديل (V36.2، طلبُ المالك)"
2026-10-07,V36.5,604,2,5,0,476,3052,"GDEL_REG: سجلُّ السجلّات القابلة للحذف بحالتها (V36.5، طلبُ المالك)"
2026-10-07,V36.11,611,2,5,0,477,3073,"VISIT_WHY وCHAL_CATS وقواعدُ التصنيف وKSC: تعريفاتُ قرار المالك ق-٠١٥ (V37.0)"
2026-10-07,V37.0,612,2,5,0,477,3078,"WHY_ACCESS: جدولُ السبب ← حالة الوصول القديمة للتوافق (V37.1، قرارُ المالك ق-٠١٥)"
2026-10-07,V37.3,614,2,5,0,477,3092,"CAT_NEW وCAT_DRAFT: محرّرُ التصنيفات (V37.4، طلبُ المالك)"
2026-10-07,V37.6,615,2,5,0,477,3096,"SV_PHO: النقطةُ المفتوحةُ صورُها فوق قائمة الوزارة (V37.6، طلبُ المالك)"
2026-10-07,V37.6,616,2,5,0,477,3099,"PH_FETCH: جلبُ صور النقطة عند فتحها (V37.7، بلاغُ المالك)"
2026-10-07,V37.7,616,2,5,0,477,3107,"phStale وphGapCard وphotosBackfill: صورُ الدرايف للمهندس وتنبيهُ الفني (V37.8)"
2026-10-07,V37.8,616,2,5,0,477,3111,"siteDeleteFinal/mayDeleteFinal: قرارُ المالك ق-٠١٦ (V37.9)"
2026-10-08,V37.12,617,2,5,0,477,3114,"CC_MEMO وstageCounts0: الحسابُ مرةً لكلِّ إصدار (V37.13 مراجعةُ الجودة)"
2026-10-08,V37.13,619,2,5,0,477,3121,"SUP_POP وSUP_EXTRA وsupOf: جهةُ الدعم المطلوب (V37.14، طلبُ المالك)"
2026-10-08,V37.14,620,2,5,0,477,3124,"TECH_BT_RX وtechVisit: تعريفُ المالك للزيارة التقنية (V37.15)"
2026-10-08,V37.15,622,2,5,0,477,3131,"SV_DASH_KEYS وSV_VIEW وsvDashHtml: لوحةُ كروت المراحل (V37.16، طلبُ المالك)"
2026-10-10,V37.16,622,2,5,0,477,3137,"bedSnap: سجلُّ تراجع محرّر الحدود (V37.17)"
2026-10-10,V37.17,624,2,5,0,478,3146,"LITE وPH_DIRTY وphotoSlim وbootGuardStart وappResetGo: حلُّ ذاكرة الموبايل (V37.18)"
2026-10-10,V37.21,627,2,5,0,478,3148,"PH_IDX وPH_VER وphIdx/phTouch: فهرسُ الصور بالنقطة (V37.22، بلاغُ المالك)"
2026-10-10,V37.22,629,2,5,0,478,3160,"LITE_AUTO وoldOS وliteMeasure وliteOn وsvStats0 وassistDiag/ASSIST_INTENTS: المرحلةُ ١ والمساعدُ المشخِّص (V37.23)"
2026-10-10,V37.25,629,2,5,0,478,3163,"phIdx.len: حارسُ طول فهرس الصور (V37.26)"
2026-10-10,V37.26,631,2,5,0,478,3168,"BUG_FROM_ASSIST وknownList/knownHits/knownCard وSV_SHOW: الطبقةُ الثانية من المساعد والقوائم على دفعات (V37.27)"
